source_ip,destination_ip
167.99.166.49,172.31.88.57
167.99.170.172,172.31.88.57
200.153.11.82,172.31.88.57
111.227.172.86,172.31.88.57
94.181.181.24,172.31.88.57
167.172.216.119,172.31.88.57
209.17.97.106,172.31.88.57
185.143.221.186,172.31.88.57
42.113.244.245,172.31.88.57
209.17.96.34,172.31.88.57
185.143.221.7,172.31.88.57
187.21.142.38,172.31.88.57
171.5.26.86,172.31.88.57
167.172.216.119,172.31.88.57
45.136.109.87,172.31.88.57
159.203.81.129,172.31.88.57
185.176.27.18,172.31.88.57
167.99.162.116,172.31.88.57
185.143.223.148,172.31.88.57
202.29.57.103,172.31.88.57
185.176.27.2,172.31.88.57
167.99.170.76,172.31.88.57
167.99.170.122,172.31.88.57
202.107.227.42,172.31.88.57
167.99.170.172,172.31.88.57
45.136.109.95,172.31.88.57
45.141.86.126,172.31.88.57
45.141.86.126,172.31.88.57
209.17.96.90,172.31.88.57
209.17.96.194,172.31.88.57
105.159.134.219,172.31.88.57
167.99.166.148,172.31.88.57
209.17.97.122,172.31.88.57
78.128.112.114,172.31.88.57
167.172.216.119,172.31.88.57
49.235.45.220,172.31.88.57
185.175.93.78,172.31.88.57
159.203.81.129,172.31.88.57
209.17.97.122,172.31.88.57
209.17.97.122,172.31.88.57
209.17.97.122,172.31.88.57
167.99.170.76,172.31.88.57
81.22.45.150,172.31.88.57
167.172.216.119,172.31.88.57
185.143.223.147,172.31.88.57
167.99.162.116,172.31.88.57
167.99.162.99,172.31.88.57
167.99.170.172,172.31.88.57
177.38.180.72,172.31.88.57
185.142.236.35,172.31.88.57
171.244.175.136,172.31.88.57
171.244.175.136,172.31.88.57
178.128.114.248,172.31.88.57
131.108.91.175,172.31.88.57
24.189.193.129,172.31.88.57
202.152.24.234,172.31.88.57
167.99.166.217,172.31.88.57
222.214.186.227,172.31.88.57
185.152.180.198,172.31.88.57
185.152.180.198,172.31.88.57
171.229.239.49,172.31.88.57
159.203.81.129,172.31.88.57
167.99.170.76,172.31.88.57
45.136.109.221,172.31.88.57
167.99.170.122,172.31.88.57
185.209.0.91,172.31.88.57
185.143.221.186,172.31.88.57
210.66.73.157,172.31.88.57
92.53.65.40,172.31.88.57
120.224.7.22,172.31.88.57
120.224.7.22,172.31.88.57
167.99.162.116,172.31.88.57
167.172.216.119,172.31.88.57
49.51.12.205,172.31.88.57
51.91.212.81,172.31.88.57
167.99.166.217,172.31.88.57
92.53.90.132,172.31.88.57
167.99.170.172,172.31.88.57
139.162.118.251,172.31.88.57
94.102.56.181,172.31.88.57
71.6.233.180,172.31.88.57
185.175.93.78,172.31.88.57
94.255.247.17,172.31.88.57
159.203.193.252,172.31.88.57
167.99.170.122,172.31.88.57
190.201.120.49,172.31.88.57
223.71.167.61,172.31.88.57
223.71.167.61,172.31.88.57
106.13.101.115,172.31.88.57
5.202.3.52,172.31.88.57
167.99.170.76,172.31.88.57
170.0.171.66,172.31.88.57
167.99.166.217,172.31.88.57
139.162.84.112,172.31.88.57
78.128.112.114,172.31.88.57
51.83.69.99,172.31.88.57
89.248.172.85,172.31.88.57
179.127.53.87,172.31.88.57
187.217.176.114,172.31.88.57
187.217.176.114,172.31.88.57
78.106.28.116,172.31.88.57
185.209.0.32,172.31.88.57
177.126.137.109,172.31.88.57
177.126.137.109,172.31.88.57
185.176.27.54,172.31.88.57
168.194.58.153,172.31.88.57
59.63.199.171,172.31.88.57
167.172.216.119,172.31.88.57
167.99.162.99,172.31.88.57
209.17.96.178,172.31.88.57
209.17.96.178,172.31.88.57
54.187.177.169,172.31.88.57
167.99.162.116,172.31.88.57
209.17.97.26,172.31.88.57
106.54.194.202,172.31.88.57
54.187.177.169,172.31.88.57
185.216.140.252,172.31.88.57
185.216.140.6,172.31.88.57
14.207.78.18,172.31.88.57
167.99.170.76,172.31.88.57
60.248.155.176,172.31.88.57
60.248.155.176,172.31.88.57
167.99.170.122,172.31.88.57
54.187.177.169,172.31.88.57
185.216.140.6,172.31.88.57
167.172.199.139,172.31.88.57
167.99.170.172,172.31.88.57
178.79.185.148,172.31.88.57
51.161.12.231,172.31.88.57
185.176.27.14,172.31.88.57
185.216.140.6,172.31.88.57
185.143.223.148,172.31.88.57
185.176.27.246,172.31.88.57
223.71.167.154,172.31.88.57
223.71.167.154,172.31.88.57
185.216.140.6,172.31.88.57
167.99.161.116,172.31.88.57
54.187.177.169,172.31.88.57
82.149.194.134,172.31.88.57
89.248.172.85,172.31.88.57
185.216.140.6,172.31.88.57
198.108.67.42,172.31.88.57
185.200.118.85,172.31.88.57
196.202.106.46,172.31.88.57
196.202.106.46,172.31.88.57
167.99.170.76,172.31.88.57
54.187.177.169,172.31.88.57
209.17.96.194,172.31.88.57
209.17.96.194,172.31.88.57
36.237.142.245,172.31.88.57
185.216.140.6,172.31.88.57
185.216.140.6,172.31.88.57
185.216.140.6,172.31.88.57
185.143.223.148,172.31.88.57
159.203.81.129,172.31.88.57
192.99.10.122,172.31.88.57
167.99.162.116,172.31.88.57
39.99.145.113,172.31.88.57
185.216.140.6,172.31.88.57
167.172.216.119,172.31.88.57
92.118.37.83,172.31.88.57
167.99.166.217,172.31.88.57
209.17.97.114,172.31.88.57
185.175.93.105,172.31.88.57
14.253.181.6,172.31.88.57
14.253.181.6,172.31.88.57
51.75.28.70,172.31.88.57
167.99.161.116,172.31.88.57
44.224.22.196,172.31.88.57
44.224.22.196,172.31.88.57
44.224.22.196,172.31.88.57
44.224.22.196,172.31.88.57
44.224.22.196,172.31.88.57
44.224.22.196,172.31.88.57
44.224.22.196,172.31.88.57
44.224.22.196,172.31.88.57
44.224.22.196,172.31.88.57
44.224.22.196,172.31.88.57
44.224.22.196,172.31.88.57
44.224.22.196,172.31.88.57
44.224.22.196,172.31.88.57
44.224.22.196,172.31.88.57
44.224.22.196,172.31.88.57
185.216.140.6,172.31.88.57
185.216.140.6,172.31.88.57
167.99.162.99,172.31.88.57
167.99.170.122,172.31.88.57
167.172.216.119,172.31.88.57
213.55.95.238,172.31.88.57
213.55.95.238,172.31.88.57
185.216.140.6,172.31.88.57
81.22.45.85,172.31.88.57
223.13.104.125,172.31.88.57
81.22.45.150,172.31.88.57
79.124.62.25,172.31.88.57
185.216.140.6,172.31.88.57
196.189.64.21,172.31.88.57
167.99.166.49,172.31.88.57
51.91.212.81,172.31.88.57
44.224.22.196,172.31.88.57
44.224.22.196,172.31.88.57
44.224.22.196,172.31.88.57
44.224.22.196,172.31.88.57
44.224.22.196,172.31.88.57
44.224.22.196,172.31.88.57
44.224.22.196,172.31.88.57
44.224.22.196,172.31.88.57
44.224.22.196,172.31.88.57
44.224.22.196,172.31.88.57
44.224.22.196,172.31.88.57
185.216.140.6,172.31.88.57
167.99.166.217,172.31.88.57
198.108.66.190,172.31.88.57
205.185.127.36,172.31.88.57
36.82.96.156,172.31.88.57
122.228.19.80,172.31.88.57
223.71.167.154,172.31.88.57
223.71.167.154,172.31.88.57
185.143.223.147,172.31.88.57
167.99.162.116,172.31.88.57
114.233.196.23,172.31.88.57
185.216.140.6,172.31.88.57
104.248.37.88,172.31.88.57
198.108.66.90,172.31.88.57
167.99.161.116,172.31.88.57
177.223.105.241,172.31.88.57
209.17.97.42,172.31.88.57
185.216.140.6,172.31.88.57
167.99.170.76,172.31.88.57
209.17.96.26,172.31.88.57
45.79.110.218,172.31.88.57
209.17.96.218,172.31.88.57
209.17.96.218,172.31.88.57
209.17.97.74,172.31.88.57
209.17.97.74,172.31.88.57
170.254.26.42,172.31.88.57
170.254.26.42,172.31.88.57
167.99.170.122,172.31.88.57
185.216.140.6,172.31.88.57
185.216.140.6,172.31.88.57
208.100.26.228,172.31.88.57
36.77.93.81,172.31.88.57
36.77.93.81,172.31.88.57
185.175.93.101,172.31.88.57
167.99.166.217,172.31.88.57
80.82.70.239,172.31.88.57
104.206.128.58,172.31.88.57
104.206.128.58,172.31.88.57
167.99.170.172,172.31.88.57
185.216.140.6,172.31.88.57
118.173.238.124,172.31.88.57
167.99.166.148,172.31.88.57
51.81.3.128,172.31.88.57
61.135.215.232,172.31.88.57
185.216.140.6,172.31.88.57
173.239.232.101,172.31.88.57
173.239.232.101,172.31.88.57
209.17.97.66,172.31.88.57
209.17.97.66,172.31.88.57
173.239.232.101,172.31.88.57
173.239.232.101,172.31.88.57
173.239.232.101,172.31.88.57
167.99.170.76,172.31.88.57
110.138.120.118,172.31.88.57
110.138.120.118,172.31.88.57
51.91.212.81,172.31.88.57
173.239.232.101,172.31.88.57
173.239.232.101,172.31.88.57
173.239.232.101,172.31.88.57
173.239.232.101,172.31.88.57
192.51.188.106,172.31.88.57
106.12.152.194,172.31.88.57
167.99.161.116,172.31.88.57
124.156.240.215,172.31.88.57
222.255.156.26,172.31.88.57
185.216.140.6,172.31.88.57
113.179.215.18,172.31.88.57
113.179.215.18,172.31.88.57
173.239.232.101,172.31.88.57
173.239.232.101,172.31.88.57
173.239.232.101,172.31.88.57
173.239.232.101,172.31.88.57
185.216.140.6,172.31.88.57
35.193.217.243,172.31.88.57
159.203.201.172,172.31.88.57
167.99.166.49,172.31.88.57
92.118.37.83,172.31.88.57
45.93.20.182,172.31.88.57
185.216.140.6,172.31.88.57
114.40.152.62,172.31.88.57
159.203.81.129,172.31.88.57
185.176.27.246,172.31.88.57
196.189.64.21,172.31.88.57
198.108.67.51,172.31.88.57
185.216.140.6,172.31.88.57
167.99.170.122,172.31.88.57
61.219.11.153,172.31.88.57
167.99.170.172,172.31.88.57
92.118.37.83,172.31.88.57
51.83.69.99,172.31.88.57
193.32.161.12,172.31.88.57
198.108.67.90,172.31.88.57
1.160.65.224,172.31.88.57
167.172.216.119,172.31.88.57
103.79.143.233,172.31.88.57
167.99.162.116,172.31.88.57
185.216.140.6,172.31.88.57
167.99.170.122,172.31.88.57
159.203.81.129,172.31.88.57
92.83.0.82,172.31.88.57
167.99.166.148,172.31.88.57
118.173.118.148,172.31.88.57
177.131.121.43,172.31.88.57
185.216.140.6,172.31.88.57
167.99.170.76,172.31.88.57
170.247.69.74,172.31.88.57
185.216.140.6,172.31.88.57
167.99.162.99,172.31.88.57
173.239.232.101,172.31.88.57
173.239.232.101,172.31.88.57
173.239.232.101,172.31.88.57
173.239.232.101,172.31.88.57
159.203.81.129,172.31.88.57
185.216.140.6,172.31.88.57
187.147.75.212,172.31.88.57
167.172.216.119,172.31.88.57
209.17.96.90,172.31.88.57
88.132.188.113,172.31.88.57
173.239.232.101,172.31.88.57
146.185.25.175,172.31.88.57
222.92.117.112,172.31.88.57
222.92.117.112,172.31.88.57
122.228.19.80,172.31.88.57
122.228.19.80,172.31.88.57
209.17.96.210,172.31.88.57
185.209.0.90,172.31.88.57
185.216.140.6,172.31.88.57
138.197.154.215,172.31.88.57
191.243.240.129,172.31.88.57
191.243.240.129,172.31.88.57
173.239.232.101,172.31.88.57
173.239.232.101,172.31.88.57
173.239.232.101,172.31.88.57
167.99.166.49,172.31.88.57
209.17.96.82,172.31.88.57
209.17.96.82,172.31.88.57
167.99.161.116,172.31.88.57
167.172.216.119,172.31.88.57
185.216.140.6,172.31.88.57
49.49.2.237,172.31.88.57
185.143.223.146,172.31.88.57
61.147.103.184,172.31.88.57
167.172.216.119,172.31.88.57
167.172.216.119,172.31.88.57
81.22.45.133,172.31.88.57
198.108.66.39,172.31.88.57
185.143.221.186,172.31.88.57
173.239.232.101,172.31.88.57
173.239.232.101,172.31.88.57
173.239.232.101,172.31.88.57
173.239.232.101,172.31.88.57
185.216.140.6,172.31.88.57
222.223.129.254,172.31.88.57
191.241.165.203,172.31.88.57
159.203.81.129,172.31.88.57
185.143.221.186,172.31.88.57
173.239.232.101,172.31.88.57
173.239.232.101,172.31.88.57
173.239.232.101,172.31.88.57
167.99.170.172,172.31.88.57
115.23.68.239,172.31.88.57
173.239.232.101,172.31.88.57
179.229.32.208,172.31.88.57
179.229.32.208,172.31.88.57
173.239.232.101,172.31.88.57
173.239.232.101,172.31.88.57
173.239.232.101,172.31.88.57
77.247.108.77,172.31.88.57
81.22.45.100,172.31.88.57
167.99.170.122,172.31.88.57
52.201.48.205,172.31.88.57
167.99.166.217,172.31.88.57
185.209.0.32,
185.209.0.32,172.31.88.57
222.112.107.46,
222.112.107.46,172.31.88.57
52.201.48.205,172.31.88.57
52.201.48.205,172.31.88.57
173.239.232.101,172.31.88.57
173.239.232.101,172.31.88.57
173.239.232.101,172.31.88.57
173.239.232.101,172.31.88.57
173.239.232.101,172.31.88.57
173.239.232.101,172.31.88.57
173.239.232.101,172.31.88.57
45.136.109.221,172.31.88.57
78.128.112.114,172.31.88.57
210.12.116.196,172.31.88.57
167.172.216.119,172.31.88.57
45.136.109.87,172.31.88.57
185.216.140.6,172.31.88.57
185.216.140.6,172.31.88.57
185.216.140.6,172.31.88.57
185.143.223.148,172.31.88.57
185.216.140.6,172.31.88.57
159.203.201.222,172.31.88.57
116.9.152.176,172.31.88.57
209.17.96.82,172.31.88.57
209.17.96.82,172.31.88.57
45.136.109.87,172.31.88.57
159.203.81.129,172.31.88.57
167.99.161.116,172.31.88.57
185.216.140.6,172.31.88.57
167.99.166.148,172.31.88.57
89.248.172.85,172.31.88.57
167.99.170.122,172.31.88.57
171.34.68.15,172.31.88.57
175.139.175.199,172.31.88.57
45.136.109.221,172.31.88.57
185.143.223.147,172.31.88.57
223.111.150.14,172.31.88.57
223.111.150.14,172.31.88.57
173.239.232.101,172.31.88.57
173.239.232.101,172.31.88.57
173.239.232.101,172.31.88.57
173.239.232.101,172.31.88.57
185.143.221.186,172.31.88.57
173.72.203.87,172.31.88.57
173.72.203.87,172.31.88.57
80.82.65.74,172.31.88.57
45.136.109.221,172.31.88.57
92.63.194.30,172.31.88.57
218.26.172.61,172.31.88.57
167.99.170.172,172.31.88.57
1.1.180.69,172.31.88.57
89.248.160.193,172.31.88.57
173.239.232.101,172.31.88.57
173.239.232.101,172.31.88.57
173.239.232.101,172.31.88.57
173.239.232.101,172.31.88.57
167.99.161.116,172.31.88.57
167.99.170.76,172.31.88.57
185.176.27.246,172.31.88.57
185.209.0.32,172.31.88.57
13.57.36.116,172.31.88.57
167.172.216.119,172.31.88.57
113.176.118.14,172.31.88.57
113.176.118.14,172.31.88.57
171.234.46.201,172.31.88.57
171.234.46.201,172.31.88.57
89.248.160.193,172.31.88.57
51.83.69.99,172.31.88.57
223.71.167.154,172.31.88.57
185.209.0.91,172.31.88.57
185.143.221.62,172.31.88.57
92.53.90.132,172.31.88.57
167.99.162.99,172.31.88.57
185.175.93.105,172.31.88.57
177.124.174.210,172.31.88.57
177.10.145.175,172.31.88.57
81.22.45.85,172.31.88.57
78.186.43.232,172.31.88.57
78.186.43.232,172.31.88.57
159.203.81.129,172.31.88.57
209.17.96.106,172.31.88.57
209.17.96.106,172.31.88.57
167.99.170.76,172.31.88.57
167.99.166.148,172.31.88.57
167.99.166.217,172.31.88.57
49.71.249.242,172.31.88.57
92.53.90.132,172.31.88.57
223.71.167.154,172.31.88.57
159.203.81.129,172.31.88.57
209.17.97.82,172.31.88.57
185.209.0.90,172.31.88.57
92.53.90.132,172.31.88.57
83.97.20.46,172.31.88.57
167.99.170.172,172.31.88.57
92.246.76.194,172.31.88.57
51.161.12.231,172.31.88.57
167.99.170.122,172.31.88.57
171.241.67.239,172.31.88.57
202.29.57.103,172.31.88.57
198.108.67.85,172.31.88.57
167.99.162.99,172.31.88.57
89.248.168.202,172.31.88.57
45.136.109.95,172.31.88.57
167.99.166.49,172.31.88.57
178.73.215.171,172.31.88.57
178.73.215.171,172.31.88.57
167.99.170.76,172.31.88.57
122.144.11.185,172.31.88.57
167.99.166.217,172.31.88.57
191.19.72.199,172.31.88.57
93.189.204.125,172.31.88.57
93.189.204.125,172.31.88.57
167.99.166.148,172.31.88.57
178.62.240.52,172.31.88.57
159.203.81.129,172.31.88.57
177.23.104.86,172.31.88.57
2.187.64.181,172.31.88.57
2.187.64.181,172.31.88.57
92.118.37.83,172.31.88.57
209.17.96.154,172.31.88.57
209.17.96.154,172.31.88.57
81.22.45.29,172.31.88.57
78.128.112.114,172.31.88.57
185.200.118.53,172.31.88.57
167.172.216.119,172.31.88.57
185.209.0.51,172.31.88.57
80.82.70.239,172.31.88.57
209.17.96.10,172.31.88.57
209.17.96.10,172.31.88.57
23.249.162.26,172.31.88.57
80.82.70.239,172.31.88.57
45.136.109.87,172.31.88.57
167.99.162.116,172.31.88.57
167.99.170.172,172.31.88.57
89.248.160.193,172.31.88.57
167.99.170.122,172.31.88.57
167.99.166.217,172.31.88.57
185.176.27.14,172.31.88.57
167.99.161.116,172.31.88.57
209.17.97.106,172.31.88.57
159.203.81.129,172.31.88.57
45.136.109.221,172.31.88.57
71.6.232.4,172.31.88.57
167.99.170.122,172.31.88.57
167.99.170.122,172.31.88.57
167.99.170.172,172.31.88.57
201.6.111.134,172.31.88.57
167.99.166.217,172.31.88.57
167.99.166.49,172.31.88.57
62.231.7.221,172.31.88.57
113.87.227.182,172.31.88.57
189.60.54.208,172.31.88.57
170.0.34.234,172.31.88.57
119.92.249.153,172.31.88.57
45.136.109.87,172.31.88.57
173.239.232.101,172.31.88.57
173.239.232.101,172.31.88.57
185.209.0.51,172.31.88.57
36.155.102.52,172.31.88.57
125.64.94.211,172.31.88.57
125.26.73.186,172.31.88.57
52.201.48.205,172.31.88.57
52.201.48.205,172.31.88.57
205.185.127.43,172.31.88.57
43.231.112.191,172.31.88.57
167.172.216.119,172.31.88.57
89.248.168.202,172.31.88.57
52.201.48.205,172.31.88.57
52.201.48.205,172.31.88.57
52.201.48.205,172.31.88.57
167.99.161.116,172.31.88.57
173.239.232.101,172.31.88.57
173.239.232.101,172.31.88.57
173.239.232.101,172.31.88.57
45.162.77.70,172.31.88.57
209.17.97.18,172.31.88.57
209.17.97.18,172.31.88.57
159.203.81.129,172.31.88.57
173.239.232.101,172.31.88.57
173.239.232.101,172.31.88.57
173.239.232.101,172.31.88.57
45.136.109.95,172.31.88.57
167.172.216.119,172.31.88.57
209.17.96.98,172.31.88.57
209.17.96.98,172.31.88.57
167.99.162.99,172.31.88.57
173.239.232.101,
173.239.232.101,172.31.88.57
173.239.232.101,172.31.88.57
173.239.232.101,172.31.88.57
94.102.49.65,172.31.88.57
94.102.49.65,172.31.88.57
173.239.232.101,172.31.88.57
185.175.93.78,172.31.88.57
185.175.93.78,172.31.88.57
185.175.93.78,172.31.88.57
185.176.27.246,172.31.88.57
91.173.121.137,172.31.88.57
91.173.121.137,172.31.88.57
82.200.247.230,172.31.88.57
82.200.247.230,172.31.88.57
82.200.247.230,172.31.88.57
40.121.109.186,172.31.88.57
40.121.109.186,172.31.88.57
40.121.109.186,172.31.88.57
91.173.121.137,172.31.88.57
91.173.121.137,172.31.88.57
91.173.121.137,172.31.88.57
91.173.121.137,
91.173.121.137,
213.248.151.27,172.31.88.57
185.176.27.246,172.31.88.57
81.22.45.29,172.31.88.57
103.92.203.12,172.31.88.57
185.176.27.166,172.31.88.57
80.82.70.239,172.31.88.57
80.82.70.239,172.31.88.57
185.143.223.148,172.31.88.57
185.143.223.148,172.31.88.57
94.102.56.181,172.31.88.57
185.209.0.91,172.31.88.57
1.32.255.195,172.31.88.57
1.32.255.195,172.31.88.57
1.32.255.195,172.31.88.57
167.99.170.76,172.31.88.57
114.116.227.247,172.31.88.57
193.168.225.23,172.31.88.57
193.168.225.23,172.31.88.57
167.99.170.122,172.31.88.57
80.82.77.139,172.31.88.57
80.82.77.139,172.31.88.57
80.82.77.139,172.31.88.57
81.22.45.150,172.31.88.57
81.22.45.150,172.31.88.57
91.227.23.74,172.31.88.57
91.227.23.74,172.31.88.57
128.199.220.232,172.31.88.57
185.143.223.148,172.31.88.57
167.99.166.217,172.31.88.57
45.136.109.95,172.31.88.57
41.77.6.109,172.31.88.57
171.247.19.33,172.31.88.57
171.247.19.33,172.31.88.57
159.203.81.129,172.31.88.57
167.172.216.119,172.31.88.57
185.176.27.98,172.31.88.57
185.176.27.98,172.31.88.57
167.99.162.116,172.31.88.57
71.6.199.23,172.31.88.57
71.6.199.23,172.31.88.57
80.82.65.74,172.31.88.57
80.82.65.74,172.31.88.57
185.209.0.90,172.31.88.57
185.209.0.89,172.31.88.57
185.209.0.89,172.31.88.57
167.99.170.76,172.31.88.57
46.8.46.61,172.31.88.57
46.8.46.61,172.31.88.57
185.209.0.92,172.31.88.57
185.209.0.92,172.31.88.57
167.99.170.172,172.31.88.57
172.104.112.244,172.31.88.57
116.54.240.6,172.31.88.57
116.54.240.6,172.31.88.57
83.97.20.207,172.31.88.57
83.97.20.207,172.31.88.57
83.97.20.207,172.31.88.57
20.20.100.247,172.31.88.57
45.136.109.87,172.31.88.57
45.136.109.87,172.31.88.57
179.127.52.248,172.31.88.57
209.17.96.170,172.31.88.57
209.17.96.170,172.31.88.57
185.176.27.2,172.31.88.57
185.176.27.2,172.31.88.57
159.203.81.129,172.31.88.57
116.66.160.38,172.31.88.57
51.91.212.81,172.31.88.57
51.91.212.81,172.31.88.57
198.108.67.35,172.31.88.57
116.122.130.48,172.31.88.57
167.99.170.172,172.31.88.57
167.99.170.172,172.31.88.57
104.131.89.163,172.31.88.57
185.176.27.246,172.31.88.57
167.172.216.119,172.31.88.57
198.108.67.33,172.31.88.57
198.108.67.33,172.31.88.57
171.38.150.45,172.31.88.57
159.203.30.120,172.31.88.57
66.240.205.34,172.31.88.57
66.240.205.34,172.31.88.57
66.240.205.34,172.31.88.57
146.88.240.4,172.31.88.57
167.99.161.116,172.31.88.57
51.161.12.231,172.31.88.57
36.237.142.245,172.31.88.57
167.99.170.122,172.31.88.57
209.17.96.26,172.31.88.57
209.17.96.26,172.31.88.57
78.242.11.109,172.31.88.57
78.242.11.109,172.31.88.57
119.96.19.40,172.31.88.57
213.172.145.174,172.31.88.57
186.67.208.229,172.31.88.57
167.99.166.49,172.31.88.57
178.212.194.4,172.31.88.57
178.212.194.4,172.31.88.57
93.171.22.79,172.31.88.57
45.93.20.129,172.31.88.57
80.82.78.100,172.31.88.57
115.177.92.204,172.31.88.57
167.99.166.148,172.31.88.57
175.119.91.146,172.31.88.57
167.99.166.217,172.31.88.57
185.175.93.101,172.31.88.57
167.99.170.76,172.31.88.57
113.53.100.70,172.31.88.57
220.194.237.43,172.31.88.57
89.248.168.217,172.31.88.57
146.88.240.4,172.31.88.57
80.82.65.74,172.31.88.57
167.99.162.116,172.31.88.57
167.99.162.116,172.31.88.57
168.228.128.227,172.31.88.57
168.228.128.227,172.31.88.57
185.209.0.32,172.31.88.57
185.209.0.32,172.31.88.57
58.176.207.80,172.31.88.57
183.236.46.17,172.31.88.57
183.236.46.17,172.31.88.57
89.248.168.202,172.31.88.57
190.186.198.18,172.31.88.57
89.248.168.202,172.31.88.57
89.248.168.202,172.31.88.57
92.53.90.132,172.31.88.57
92.53.90.132,172.31.88.57
167.99.170.122,172.31.88.57
193.169.253.86,172.31.88.57
223.95.102.143,172.31.88.57
167.99.170.76,172.31.88.57
172.105.89.161,172.31.88.57
1.0.213.186,172.31.88.57
167.99.170.172,172.31.88.57
167.99.166.148,172.31.88.57
46.29.117.20,172.31.88.57
46.29.117.20,172.31.88.57
59.144.167.6,172.31.88.57
185.209.0.92,172.31.88.57
89.248.160.193,172.31.88.57
222.112.107.46,172.31.88.57
185.143.223.244,172.31.88.57
200.66.56.209,172.31.88.57
200.66.56.209,172.31.88.57
209.17.96.58,172.31.88.57
209.17.96.58,172.31.88.57
167.99.170.122,172.31.88.57
80.82.65.74,172.31.88.57
146.88.240.53,172.31.88.57
146.88.240.53,172.31.88.57
115.97.201.185,172.31.88.57
209.17.97.82,172.31.88.57
167.99.170.172,172.31.88.57
185.176.27.2,172.31.88.57
177.137.128.177,172.31.88.57
80.82.77.234,172.31.88.57
80.82.77.234,172.31.88.57
80.82.77.234,172.31.88.57
185.176.27.102,172.31.88.57
66.109.19.190,172.31.88.57
66.109.19.190,172.31.88.57
167.99.162.116,172.31.88.57
101.51.152.185,172.31.88.57
208.100.26.228,172.31.88.57
185.53.88.78,172.31.88.57
185.53.88.78,172.31.88.57
167.99.166.49,172.31.88.57
196.219.144.102,172.31.88.57
167.99.166.217,172.31.88.57
167.99.170.76,172.31.88.57
80.82.77.245,172.31.88.57
80.82.77.245,172.31.88.57
92.119.160.67,172.31.88.57
92.119.160.67,172.31.88.57
167.172.216.119,172.31.88.57
121.50.170.17,172.31.88.57
106.75.4.19,172.31.88.57
146.185.25.177,172.31.88.57
209.17.96.90,172.31.88.57
209.17.96.90,172.31.88.57
185.216.140.252,172.31.88.57
80.82.77.139,172.31.88.57
80.82.77.139,172.31.88.57
47.105.74.94,172.31.88.57
167.99.166.49,172.31.88.57
61.224.5.15,172.31.88.57
103.226.207.20,172.31.88.57
103.226.207.20,172.31.88.57
184.105.139.67,172.31.88.57
185.209.0.18,172.31.88.57
185.209.0.18,172.31.88.57
185.176.27.26,172.31.88.57
185.176.27.26,172.31.88.57
167.99.162.99,172.31.88.57
139.162.234.187,172.31.88.57
70.125.37.77,172.31.88.57
70.125.37.77,172.31.88.57
70.125.37.77,172.31.88.57
206.189.177.133,172.31.88.57
93.174.93.26,172.31.88.57
209.17.96.202,172.31.88.57
45.93.20.156,172.31.88.57
185.175.93.101,172.31.88.57
175.119.91.146,172.31.88.57
175.119.91.146,172.31.88.57
190.49.244.31,172.31.88.57
190.49.244.31,172.31.88.57
167.172.216.119,172.31.88.57
78.128.112.114,172.31.88.57
45.176.240.44,172.31.88.57
45.176.240.44,172.31.88.57
45.176.240.44,172.31.88.57
167.99.161.116,172.31.88.57
5.183.230.131,172.31.88.57
167.99.170.172,172.31.88.57
167.172.216.119,172.31.88.57
209.17.96.82,172.31.88.57
209.17.96.26,172.31.88.57
89.248.172.85,172.31.88.57
159.203.81.129,172.31.88.57
209.17.96.218,172.31.88.57
78.106.232.246,172.31.88.57
167.99.166.49,172.31.88.57
167.99.162.116,172.31.88.57
209.17.96.218,172.31.88.57
178.73.215.171,172.31.88.57
178.73.215.171,
185.176.27.102,172.31.88.57
198.108.66.107,172.31.88.57
134.255.157.170,172.31.88.57
134.255.157.170,172.31.88.57
61.238.99.83,172.31.88.57
61.238.99.83,172.31.88.57
61.238.99.83,172.31.88.57
185.176.27.166,172.31.88.57
185.176.27.166,172.31.88.57
209.17.96.50,172.31.88.57
185.176.27.98,172.31.88.57
179.106.23.235,172.31.88.57
167.99.170.172,172.31.88.57
193.32.161.31,172.31.88.57
193.32.161.31,172.31.88.57
113.53.192.90,172.31.88.57
113.53.192.90,172.31.88.57
92.53.90.132,172.31.88.57
92.246.76.194,172.31.88.57
92.246.76.194,172.31.88.57
92.53.90.132,172.31.88.57
183.91.254.190,172.31.88.57
167.99.161.116,172.31.88.57
27.158.197.246,172.31.88.57
209.17.97.90,172.31.88.57
71.6.233.3,172.31.88.57
167.99.170.122,172.31.88.57
81.22.45.29,172.31.88.57
51.83.69.99,172.31.88.57
185.175.93.105,172.31.88.57
5.189.155.14,172.31.88.57
113.190.234.181,172.31.88.57
113.190.234.181,172.31.88.57
159.203.201.128,172.31.88.57
139.162.90.220,172.31.88.57
159.203.201.128,172.31.88.57
92.246.76.194,172.31.88.57
198.108.67.77,172.31.88.57
198.108.67.77,172.31.88.57
171.248.171.20,172.31.88.57
159.203.81.129,172.31.88.57
36.155.102.52,172.31.88.57
161.117.191.220,172.31.88.57
159.203.81.129,172.31.88.57
167.99.166.49,172.31.88.57
185.143.223.148,172.31.88.57
185.143.223.148,172.31.88.57
92.246.76.194,172.31.88.57
176.15.36.57,172.31.88.57
185.209.0.91,172.31.88.57
205.185.123.99,172.31.88.57
205.185.123.99,172.31.88.57
177.87.144.159,172.31.88.57
185.209.0.89,172.31.88.57
185.176.27.30,172.31.88.57
185.176.27.30,172.31.88.57
167.99.170.122,172.31.88.57
183.2.202.41,172.31.88.57
159.203.81.129,172.31.88.57
185.176.27.98,172.31.88.57
167.99.166.148,172.31.88.57
94.102.49.65,172.31.88.57
115.77.133.210,172.31.88.57
115.77.133.210,172.31.88.57
103.90.163.86,172.31.88.57
103.90.163.86,172.31.88.57
71.6.167.142,172.31.88.57
71.6.167.142,172.31.88.57
202.170.119.6,172.31.88.57
89.248.168.202,172.31.88.57
185.143.223.147,172.31.88.57
45.141.86.131,172.31.88.57
203.195.136.223,172.31.88.57
14.161.6.240,172.31.88.57
167.99.170.122,172.31.88.57
85.99.247.39,172.31.88.57
125.64.94.211,172.31.88.57
122.228.19.80,172.31.88.57
122.228.19.80,172.31.88.57
216.218.206.69,172.31.88.57
80.82.64.73,172.31.88.57
103.89.91.177,172.31.88.57
167.99.170.172,172.31.88.57
185.200.118.49,172.31.88.57
123.181.36.176,172.31.88.57
167.99.170.122,172.31.88.57
216.218.206.69,172.31.88.57
216.218.206.69,172.31.88.57
216.218.206.69,172.31.88.57
201.190.217.166,172.31.88.57
113.53.77.172,172.31.88.57
216.218.206.69,172.31.88.57
167.99.162.116,172.31.88.57
81.22.45.29,172.31.88.57
45.136.109.221,172.31.88.57
167.99.162.99,172.31.88.57
185.175.93.78,172.31.88.57
83.97.20.46,172.31.88.57
45.141.86.131,172.31.88.57
89.248.174.193,172.31.88.57
89.248.174.193,172.31.88.57
221.9.252.152,172.31.88.57
221.9.252.152,172.31.88.57
51.161.12.231,172.31.88.57
159.203.201.210,172.31.88.57
159.203.201.210,172.31.88.57
167.99.161.116,172.31.88.57
167.99.170.76,172.31.88.57
185.143.223.148,172.31.88.57
178.128.255.8,172.31.88.57
185.175.93.101,172.31.88.57
185.143.221.62,172.31.88.57
123.7.55.216,172.31.88.57
123.7.55.216,172.31.88.57
209.17.96.210,172.31.88.57
209.17.96.210,172.31.88.57
159.203.81.129,172.31.88.57
185.142.236.34,172.31.88.57
185.175.93.78,172.31.88.57
176.236.70.98,172.31.88.57
167.99.162.116,172.31.88.57
192.227.134.82,172.31.88.57
103.138.206.41,172.31.88.57
167.172.216.119,172.31.88.57
180.191.153.32,172.31.88.57
209.17.96.170,172.31.88.57
209.17.96.170,172.31.88.57
185.209.0.51,172.31.88.57
185.209.0.51,172.31.88.57
188.158.16.63,172.31.88.57
101.51.32.4,172.31.88.57
185.143.223.148,172.31.88.57
156.217.35.126,172.31.88.57
156.217.35.126,172.31.88.57
156.217.35.126,172.31.88.57
37.235.233.11,172.31.88.57
167.99.170.122,172.31.88.57
80.82.65.60,172.31.88.57
167.99.166.49,172.31.88.57
185.176.27.102,172.31.88.57
125.161.129.143,172.31.88.57
185.176.27.102,172.31.88.57
191.242.117.84,172.31.88.57
89.248.168.176,172.31.88.57
89.248.168.176,172.31.88.57
89.248.168.176,172.31.88.57
92.53.90.132,172.31.88.57
5.183.230.131,172.31.88.57
167.99.170.172,172.31.88.57
185.143.223.148,172.31.88.57
49.51.134.254,172.31.88.57
208.100.26.228,172.31.88.57
185.209.0.51,172.31.88.57
167.99.162.116,172.31.88.57
89.248.168.217,172.31.88.57
167.99.162.99,172.31.88.57
80.82.78.100,172.31.88.57
79.166.232.26,172.31.88.57
83.209.253.26,172.31.88.57
83.209.253.26,172.31.88.57
177.206.237.135,172.31.88.57
177.206.237.135,172.31.88.57
138.68.212.139,172.31.88.57
167.99.166.217,172.31.88.57
152.32.101.115,172.31.88.57
185.143.223.94,172.31.88.57
110.232.114.63,172.31.88.57
37.49.225.166,172.31.88.57
209.17.96.2,172.31.88.57
209.17.96.2,172.31.88.57
117.144.200.236,172.31.88.57
117.144.200.236,172.31.88.57
167.172.216.119,172.31.88.57
78.128.112.114,172.31.88.57
140.207.46.136,172.31.88.57
89.248.160.193,172.31.88.57
89.248.168.202,172.31.88.57
89.248.174.215,172.31.88.57
89.248.174.215,172.31.88.57
89.248.174.215,172.31.88.57
88.135.37.174,172.31.88.57
88.135.37.174,172.31.88.57
167.99.166.49,172.31.88.57
159.203.201.71,172.31.88.57
159.203.201.71,172.31.88.57
82.209.66.77,172.31.88.57
167.172.216.119,172.31.88.57
185.244.42.61,172.31.88.57
167.99.161.116,172.31.88.57
119.163.255.24,172.31.88.57
119.163.255.24,172.31.88.57
119.163.255.24,172.31.88.57
119.163.255.24,172.31.88.57
119.163.255.24,
119.163.255.24,
79.124.62.25,172.31.88.57
65.255.219.242,172.31.88.57
123.124.71.106,172.31.88.57
123.124.71.106,172.31.88.57
159.203.81.129,172.31.88.57
14.188.60.157,172.31.88.57
14.188.60.157,172.31.88.57
45.134.179.241,172.31.88.57
167.172.216.119,172.31.88.57
80.82.70.239,172.31.88.57
80.82.70.239,172.31.88.57
185.209.0.32,172.31.88.57
185.209.0.32,172.31.88.57
220.173.36.20,172.31.88.57
198.108.67.49,172.31.88.57
80.82.77.245,172.31.88.57
80.82.77.245,172.31.88.57
159.203.81.129,172.31.88.57
198.108.67.108,172.31.88.57
185.143.223.148,172.31.88.57
45.136.109.102,172.31.88.57
198.108.67.57,172.31.88.57
60.221.42.7,172.31.88.57
209.17.96.242,172.31.88.57
209.17.96.242,172.31.88.57
45.136.109.102,172.31.88.57
45.136.109.102,172.31.88.57
185.143.223.147,172.31.88.57
185.143.223.147,172.31.88.57
167.99.166.217,172.31.88.57
209.17.97.82,172.31.88.57
38.86.160.150,172.31.88.57
139.162.125.159,172.31.88.57
185.176.27.2,172.31.88.57
179.127.52.9,172.31.88.57
45.136.109.102,172.31.88.57
185.209.0.92,172.31.88.57
159.203.81.129,172.31.88.57
58.153.156.137,172.31.88.57
47.240.58.204,172.31.88.57
47.240.58.204,172.31.88.57
220.130.237.92,172.31.88.57
220.130.237.92,172.31.88.57
71.6.233.177,172.31.88.57
167.99.161.116,172.31.88.57
167.99.166.148,172.31.88.57
185.216.140.252,172.31.88.57
167.99.170.76,172.31.88.57
45.136.109.102,172.31.88.57
45.136.109.102,172.31.88.57
167.172.216.119,172.31.88.57
89.248.168.202,172.31.88.57
45.136.109.102,172.31.88.57
200.7.121.19,172.31.88.57
185.175.93.78,172.31.88.57
45.136.109.102,172.31.88.57
78.128.112.114,172.31.88.57
122.228.19.80,172.31.88.57
122.228.19.80,172.31.88.57
192.210.189.68,172.31.88.57
185.143.223.147,172.31.88.57
167.99.162.99,172.31.88.57
89.248.168.202,172.31.88.57
167.172.216.119,172.31.88.57
167.99.166.49,172.31.88.57
106.107.182.94,172.31.88.57
201.13.67.166,172.31.88.57
167.99.170.172,172.31.88.57
45.143.220.100,172.31.88.57
45.143.220.100,172.31.88.57
185.143.221.186,172.31.88.57
198.108.67.41,172.31.88.57
209.17.96.250,172.31.88.57
209.17.96.250,172.31.88.57
45.136.109.102,172.31.88.57
80.82.77.234,172.31.88.57
77.247.108.119,172.31.88.57
81.22.45.85,172.31.88.57
81.22.45.85,172.31.88.57
125.209.75.222,172.31.88.57
45.136.109.102,172.31.88.57
159.203.81.129,172.31.88.57
193.32.161.71,172.31.88.57
89.248.172.85,172.31.88.57
152.32.101.57,172.31.88.57
167.99.170.76,172.31.88.57
185.175.93.78,172.31.88.57
185.175.93.78,172.31.88.57
45.136.109.102,172.31.88.57
216.218.206.91,172.31.88.57
217.61.20.47,172.31.88.57
45.136.109.102,172.31.88.57
45.136.109.102,172.31.88.57
167.99.161.116,172.31.88.57
45.143.220.87,172.31.88.57
45.143.220.87,172.31.88.57
45.143.220.87,172.31.88.57
81.22.45.29,172.31.88.57
81.22.45.29,172.31.88.57
81.22.45.29,172.31.88.57
45.136.109.102,172.31.88.57
167.99.166.49,172.31.88.57
92.246.76.194,172.31.88.57
113.53.68.226,172.31.88.57
89.248.160.193,172.31.88.57
159.203.201.137,172.31.88.57
101.22.147.123,172.31.88.57
167.99.170.76,172.31.88.57
45.136.109.102,172.31.88.57
121.175.88.104,172.31.88.57
88.247.171.121,172.31.88.57
167.99.166.217,172.31.88.57
185.209.0.89,172.31.88.57
185.209.0.89,172.31.88.57
124.156.241.29,172.31.88.57
45.136.109.102,172.31.88.57
94.102.56.181,172.31.88.57
45.136.109.102,172.31.88.57
123.231.247.227,172.31.88.57
209.17.96.234,172.31.88.57
209.17.96.234,172.31.88.57
122.228.19.80,172.31.88.57
122.228.19.80,172.31.88.57
167.99.162.116,172.31.88.57
167.99.170.172,172.31.88.57
112.67.252.237,172.31.88.57
112.67.252.237,172.31.88.57
167.99.170.122,172.31.88.57
167.99.170.122,172.31.88.57
45.136.109.102,172.31.88.57
167.172.216.119,172.31.88.57
45.136.109.102,172.31.88.57
185.216.140.252,172.31.88.57
45.134.179.241,172.31.88.57
45.136.109.102,172.31.88.57
89.248.174.3,172.31.88.57
89.248.174.3,172.31.88.57
89.248.174.3,172.31.88.57
140.207.46.136,172.31.88.57
140.207.46.136,172.31.88.57
140.207.46.136,172.31.88.57
140.207.46.136,
150.129.131.34,172.31.88.57
150.129.131.34,172.31.88.57
167.99.166.217,172.31.88.57
159.203.81.129,172.31.88.57
185.176.27.26,172.31.88.57
185.176.27.26,172.31.88.57
78.110.69.189,172.31.88.57
159.203.81.129,172.31.88.57
209.17.96.66,172.31.88.57
209.17.96.66,172.31.88.57
89.248.174.215,172.31.88.57
45.136.109.102,172.31.88.57
45.136.109.102,172.31.88.57
198.44.226.164,172.31.88.57
92.63.194.30,172.31.88.57
92.63.194.30,172.31.88.57
209.17.96.250,172.31.88.57
167.99.166.148,172.31.88.57
185.209.0.18,172.31.88.57
185.209.0.18,172.31.88.57
185.209.0.90,172.31.88.57
185.209.0.90,172.31.88.57
185.143.223.147,172.31.88.57
167.172.216.119,172.31.88.57
45.136.109.102,172.31.88.57
49.88.112.109,172.31.88.57
61.155.127.173,
61.155.127.173,172.31.88.57
61.155.127.173,172.31.88.57
61.155.127.173,172.31.88.57
167.99.170.76,172.31.88.57
177.85.3.148,172.31.88.57
71.6.232.5,172.31.88.57
71.6.232.5,172.31.88.57
71.6.232.5,172.31.88.57
71.6.232.5,172.31.88.57
71.6.232.5,172.31.88.57
190.204.75.56,172.31.88.57
167.99.170.172,172.31.88.57
159.203.201.80,172.31.88.57
159.203.201.80,172.31.88.57
45.136.109.102,172.31.88.57
172.104.92.209,172.31.88.57
45.136.109.102,172.31.88.57
45.136.109.102,172.31.88.57
77.247.108.77,172.31.88.57
77.247.108.77,172.31.88.57
45.136.109.102,172.31.88.57
81.22.45.29,172.31.88.57
167.99.162.116,172.31.88.57
45.136.109.102,172.31.88.57
203.125.104.154,172.31.88.57
78.128.112.114,172.31.88.57
80.82.70.239,172.31.88.57
209.17.96.202,172.31.88.57
45.136.109.102,172.31.88.57
51.161.12.231,172.31.88.57
167.99.170.122,172.31.88.57
202.162.200.134,172.31.88.57
202.162.200.134,172.31.88.57
113.110.141.144,172.31.88.57
113.110.141.144,172.31.88.57
167.99.166.217,172.31.88.57
223.71.167.62,172.31.88.57
223.71.167.62,172.31.88.57
167.99.162.116,172.31.88.57
45.136.109.95,172.31.88.57
93.178.43.238,172.31.88.57
93.178.43.238,172.31.88.57
222.186.56.58,172.31.88.57
71.6.233.92,172.31.88.57
45.93.20.167,172.31.88.57
51.91.212.81,172.31.88.57
167.172.216.119,172.31.88.57
170.79.121.136,172.31.88.57
89.248.168.112,172.31.88.57
89.248.168.112,172.31.88.57
89.248.168.112,172.31.88.57
118.67.219.218,172.31.88.57
185.143.223.147,172.31.88.57
61.178.29.191,172.31.88.57
176.206.70.182,172.31.88.57
176.206.70.182,172.31.88.57
170.246.56.6,172.31.88.57
170.246.56.6,172.31.88.57
167.99.170.76,172.31.88.57
167.99.161.116,172.31.88.57
185.143.221.186,172.31.88.57
185.143.221.186,172.31.88.57
85.121.89.185,172.31.88.57
45.136.109.102,172.31.88.57
159.203.81.129,172.31.88.57
167.172.216.119,172.31.88.57
190.204.75.56,172.31.88.57
190.204.75.56,172.31.88.57
167.99.170.122,172.31.88.57
160.20.203.113,172.31.88.57
160.20.203.113,172.31.88.57
193.90.53.56,172.31.88.57
193.90.53.56,172.31.88.57
45.136.109.102,172.31.88.57
159.203.81.129,172.31.88.57
138.99.216.221,172.31.88.57
182.184.66.203,172.31.88.57
185.209.0.90,172.31.88.57
185.209.0.90,172.31.88.57
41.138.57.244,172.31.88.57
113.176.7.212,172.31.88.57
36.155.102.52,172.31.88.57
167.99.166.49,172.31.88.57
45.136.109.102,172.31.88.57
92.119.160.67,172.31.88.57
92.119.160.67,172.31.88.57
159.203.201.192,172.31.88.57
167.99.170.76,172.31.88.57
167.172.216.119,172.31.88.57
80.82.77.234,172.31.88.57
45.136.109.102,172.31.88.57
81.22.45.150,172.31.88.57
83.97.20.46,172.31.88.57
83.97.20.46,172.31.88.57
83.97.20.46,172.31.88.57
45.136.109.102,172.31.88.57
77.247.108.162,172.31.88.57
185.200.118.71,172.31.88.57
167.99.161.116,172.31.88.57
167.99.162.99,172.31.88.57
159.203.81.129,172.31.88.57
37.49.227.202,172.31.88.57
78.128.112.114,172.31.88.57
61.219.139.56,172.31.88.57
89.248.168.217,172.31.88.57
89.248.168.217,172.31.88.57
167.99.166.217,172.31.88.57
209.17.96.106,172.31.88.57
209.17.96.106,172.31.88.57
36.106.140.87,172.31.88.57
36.106.140.87,172.31.88.57
45.136.109.102,172.31.88.57
45.136.109.221,172.31.88.57
206.189.233.76,172.31.88.57
123.135.127.85,172.31.88.57
51.91.90.178,172.31.88.57
185.176.27.26,172.31.88.57
37.49.231.121,172.31.88.57
81.22.45.100,172.31.88.57
45.136.109.102,172.31.88.57
164.52.24.177,172.31.88.57
164.52.24.177,172.31.88.57
209.17.96.58,172.31.88.57
45.82.153.35,172.31.88.57
45.82.153.35,172.31.88.57
167.99.166.148,172.31.88.57
167.99.166.49,172.31.88.57
159.203.81.129,172.31.88.57
167.99.170.76,172.31.88.57
193.32.161.60,172.31.88.57
193.32.161.60,172.31.88.57
54.38.155.103,172.31.88.57
54.38.155.103,172.31.88.57
54.38.155.103,172.31.88.57
113.190.44.248,172.31.88.57
167.99.162.116,172.31.88.57
167.99.166.217,172.31.88.57
5.183.230.131,172.31.88.57
66.240.219.146,172.31.88.57
66.240.219.146,172.31.88.57
66.240.219.146,172.31.88.57
80.82.77.245,172.31.88.57
80.82.77.245,172.31.88.57
77.247.110.58,172.31.88.57
77.247.110.58,172.31.88.57
77.247.110.58,172.31.88.57
23.89.88.2,172.31.88.57
85.192.166.23,172.31.88.57
185.216.140.252,172.31.88.57
185.209.0.92,172.31.88.57
185.209.0.92,172.31.88.57
45.136.109.102,172.31.88.57
167.99.162.99,172.31.88.57
209.17.96.58,172.31.88.57
45.143.221.23,172.31.88.57
45.143.221.23,172.31.88.57
45.143.221.23,172.31.88.57
45.136.109.102,172.31.88.57
209.17.96.194,172.31.88.57
45.136.109.102,172.31.88.57
49.235.92.101,172.31.88.57
62.231.7.221,172.31.88.57
62.231.7.221,172.31.88.57
209.17.96.250,172.31.88.57
209.17.96.250,172.31.88.57
204.48.21.172,172.31.88.57
106.105.141.96,172.31.88.57
80.82.70.239,172.31.88.57
185.176.27.30,172.31.88.57
185.176.27.30,172.31.88.57
159.203.81.129,172.31.88.57
223.71.167.61,172.31.88.57
223.71.167.61,172.31.88.57
45.93.20.141,172.31.88.57
138.68.212.45,172.31.88.57
45.136.109.95,172.31.88.57
167.99.170.172,172.31.88.57
167.172.216.119,172.31.88.57
167.99.166.148,172.31.88.57
45.136.109.102,172.31.88.57
170.106.67.55,172.31.88.57
167.99.170.76,172.31.88.57
114.97.209.49,172.31.88.57
62.231.7.221,
62.231.7.221,172.31.88.57
62.231.7.221,172.31.88.57
45.226.135.219,172.31.88.57
45.136.109.102,172.31.88.57
185.143.223.148,172.31.88.57
167.99.166.49,172.31.88.57
185.143.223.148,172.31.88.57
89.248.168.202,172.31.88.57
83.243.209.128,172.31.88.57
167.99.162.116,172.31.88.57
45.141.86.131,172.31.88.57
118.174.203.33,172.31.88.57
118.174.203.33,172.31.88.57
47.244.194.151,172.31.88.57
209.17.96.10,172.31.88.57
209.17.96.10,172.31.88.57
14.134.38.59,172.31.88.57
122.228.19.80,172.31.88.57
122.228.19.80,172.31.88.57
14.134.38.59,172.31.88.57
223.71.167.61,172.31.88.57
185.164.72.124,172.31.88.57
185.209.0.51,172.31.88.57
170.254.26.44,172.31.88.57
51.91.212.81,172.31.88.57
167.99.161.116,172.31.88.57
113.53.2.110,172.31.88.57
118.69.36.95,172.31.88.57
118.69.36.95,172.31.88.57
167.99.166.217,172.31.88.57
111.35.152.163,172.31.88.57
209.17.97.26,172.31.88.57
209.17.97.26,172.31.88.57
45.136.109.102,172.31.88.57
45.136.109.102,172.31.88.57
89.248.174.215,172.31.88.57
89.248.174.215,172.31.88.57
89.248.174.215,172.31.88.57
159.203.81.129,172.31.88.57
167.99.166.49,172.31.88.57
89.248.160.193,172.31.88.57
89.248.160.193,172.31.88.57
171.61.37.162,172.31.88.57
121.40.107.214,172.31.88.57
45.136.109.102,172.31.88.57
209.17.96.90,172.31.88.57
45.136.109.102,172.31.88.57
167.99.166.217,172.31.88.57
120.5.158.115,172.31.88.57
120.5.158.115,172.31.88.57
45.136.109.102,172.31.88.57
120.5.158.115,172.31.88.57
120.5.158.115,172.31.88.57
89.248.168.202,172.31.88.57
45.136.109.102,172.31.88.57
193.32.161.12,172.31.88.57
193.32.161.12,172.31.88.57
178.62.72.81,172.31.88.57
94.102.49.190,172.31.88.57
51.91.212.81,172.31.88.57
167.99.166.148,172.31.88.57
107.170.190.16,172.31.88.57
107.170.190.16,172.31.88.57
45.134.179.241,172.31.88.57
45.134.179.241,172.31.88.57
178.62.72.81,172.31.88.57
45.136.109.102,172.31.88.57
184.105.247.239,172.31.88.57
185.175.93.78,172.31.88.57
167.172.216.119,172.31.88.57
81.22.45.29,172.31.88.57
81.22.45.29,172.31.88.57
193.32.161.31,172.31.88.57
193.32.161.31,172.31.88.57
80.82.77.139,172.31.88.57
80.82.77.139,172.31.88.57
80.82.77.139,172.31.88.57
80.82.77.139,172.31.88.57
183.83.89.82,172.31.88.57
183.83.89.82,172.31.88.57
198.20.99.130,172.31.88.57
77.42.94.92,172.31.88.57
77.42.94.92,172.31.88.57
45.136.109.102,172.31.88.57
185.176.27.2,172.31.88.57
125.76.235.86,172.31.88.57
125.76.235.86,172.31.88.57
159.203.201.187,172.31.88.57
159.203.201.187,172.31.88.57
117.6.160.51,172.31.88.57
117.6.160.51,172.31.88.57
209.17.96.98,172.31.88.57
209.17.96.98,172.31.88.57
113.176.7.212,172.31.88.57
113.176.7.212,172.31.88.57
113.176.7.212,172.31.88.57
113.176.7.212,172.31.88.57
167.99.170.172,172.31.88.57
93.174.95.106,172.31.88.57
122.166.174.233,172.31.88.57
45.141.86.142,172.31.88.57
45.141.86.142,172.31.88.57
93.174.93.26,172.31.88.57
125.64.94.221,172.31.88.57
45.136.109.102,172.31.88.57
45.136.109.102,172.31.88.57
167.99.170.122,172.31.88.57
185.143.223.146,172.31.88.57
185.143.223.146,172.31.88.57
167.99.166.49,172.31.88.57
167.99.166.217,172.31.88.57
45.136.109.102,172.31.88.57
185.143.221.62,172.31.88.57
185.143.221.62,172.31.88.57
139.189.231.106,172.31.88.57
209.17.96.34,172.31.88.57
101.51.5.93,172.31.88.57
208.93.153.177,172.31.88.57
14.29.111.160,172.31.88.57
14.29.111.160,172.31.88.57
200.7.126.177,172.31.88.57
178.62.72.81,172.31.88.57
209.17.97.82,172.31.88.57
185.176.27.54,172.31.88.57
222.186.21.212,172.31.88.57
192.99.10.122,172.31.88.57
2.89.141.39,172.31.88.57
115.152.186.109,172.31.88.57
31.43.33.37,172.31.88.57
45.82.153.35,172.31.88.57
167.99.161.116,172.31.88.57
167.99.166.49,172.31.88.57
178.62.72.81,172.31.88.57
186.96.210.208,172.31.88.57
167.172.216.119,172.31.88.57
92.63.194.17,172.31.88.57
167.99.170.122,172.31.88.57
80.82.65.74,172.31.88.57
45.136.109.102,172.31.88.57
167.99.170.172,172.31.88.57
45.136.109.102,172.31.88.57
167.99.162.99,172.31.88.57
93.174.95.106,172.31.88.57
93.174.95.106,172.31.88.57
209.17.97.98,172.31.88.57
51.161.12.231,172.31.88.57
51.161.12.231,172.31.88.57
167.99.161.116,172.31.88.57
167.99.166.148,172.31.88.57
171.255.130.31,172.31.88.57
171.255.130.31,172.31.88.57
45.136.109.102,172.31.88.57
80.82.70.239,172.31.88.57
94.102.49.65,172.31.88.57
94.102.49.65,172.31.88.57
178.22.122.51,172.31.88.57
177.44.71.247,172.31.88.57
138.68.212.45,172.31.88.57
167.99.162.116,172.31.88.57
45.136.109.102,172.31.88.57
219.133.37.8,172.31.88.57
219.133.37.8,172.31.88.57
94.102.56.181,172.31.88.57
177.44.71.247,172.31.88.57
45.136.109.95,172.31.88.57
78.25.143.8,172.31.88.57
78.25.143.8,172.31.88.57
45.136.109.102,172.31.88.57
71.6.158.166,172.31.88.57
71.6.158.166,172.31.88.57
71.6.158.166,172.31.88.57
209.17.97.74,172.31.88.57
103.102.86.2,172.31.88.57
36.75.179.24,172.31.88.57
36.75.179.24,172.31.88.57
167.172.216.119,172.31.88.57
198.55.31.85,172.31.88.57
198.55.31.85,172.31.88.57
177.44.71.247,172.31.88.57
185.53.88.10,172.31.88.57
185.53.88.10,172.31.88.57
45.136.109.102,172.31.88.57
209.17.96.130,172.31.88.57
200.52.29.35,172.31.88.57
177.44.71.247,172.31.88.57
202.70.33.190,172.31.88.57
133.242.149.111,172.31.88.57
45.136.109.102,172.31.88.57
185.53.88.78,172.31.88.57
185.53.88.78,172.31.88.57
43.245.222.163,172.31.88.57
43.245.222.163,172.31.88.57
43.245.222.163,172.31.88.57
120.5.158.115,172.31.88.57
120.5.158.115,172.31.88.57
92.53.90.132,172.31.88.57
92.53.90.132,172.31.88.57
45.136.109.102,172.31.88.57
209.17.97.122,172.31.88.57
221.229.204.12,172.31.88.57
184.105.247.254,172.31.88.57
209.17.97.98,172.31.88.57
209.17.97.98,172.31.88.57
49.49.9.192,172.31.88.57
167.99.166.217,172.31.88.57
167.172.216.119,172.31.88.57
210.212.210.83,172.31.88.57
159.203.81.129,172.31.88.57
45.136.109.102,172.31.88.57
167.99.170.122,172.31.88.57
80.82.77.234,172.31.88.57
80.82.77.234,172.31.88.57
80.82.77.234,172.31.88.57
185.143.223.94,172.31.88.57
205.185.127.36,172.31.88.57
185.175.93.107,172.31.88.57
185.176.27.2,172.31.88.57
178.62.108.111,172.31.88.57
45.136.109.102,172.31.88.57
51.83.69.99,172.31.88.57
177.18.71.17,172.31.88.57
167.172.216.119,172.31.88.57
45.136.109.102,172.31.88.57
185.209.0.90,172.31.88.57
45.136.109.95,172.31.88.57
80.82.65.74,172.31.88.57
167.99.166.148,172.31.88.57
94.102.56.181,172.31.88.57
167.99.170.76,172.31.88.57
200.194.3.130,172.31.88.57
200.70.57.146,172.31.88.57
167.172.216.119,172.31.88.57
167.99.170.122,172.31.88.57
167.99.166.217,172.31.88.57
185.143.223.147,172.31.88.57
89.248.168.202,172.31.88.57
89.248.168.202,172.31.88.57
176.59.103.63,172.31.88.57
176.59.103.63,172.31.88.57
45.136.109.102,172.31.88.57
89.248.168.202,172.31.88.57
187.131.231.222,172.31.88.57
159.203.81.129,172.31.88.57
202.133.60.237,172.31.88.57
202.133.60.237,172.31.88.57
78.128.112.114,172.31.88.57
45.136.109.102,172.31.88.57
209.17.96.26,172.31.88.57
118.25.11.216,172.31.88.57
138.68.212.139,172.31.88.57
118.98.123.178,172.31.88.57
167.99.166.49,172.31.88.57
185.175.93.78,172.31.88.57
138.59.201.232,172.31.88.57
138.59.201.232,172.31.88.57
185.143.221.186,172.31.88.57
185.143.221.186,172.31.88.57
112.6.230.148,172.31.88.57
59.124.229.26,172.31.88.57
167.172.216.119,172.31.88.57
61.157.91.111,172.31.88.57
61.157.91.111,172.31.88.57
61.157.91.111,172.31.88.57
159.203.81.129,172.31.88.57
167.99.166.217,172.31.88.57
45.136.109.102,172.31.88.57
182.71.244.226,172.31.88.57
182.71.244.226,172.31.88.57
61.219.11.153,172.31.88.57
67.129.196.218,172.31.88.57
167.99.170.122,172.31.88.57
89.248.168.217,172.31.88.57
89.248.168.217,172.31.88.57
113.174.61.29,172.31.88.57
118.190.57.79,172.31.88.57
118.190.57.79,172.31.88.57
92.53.65.40,172.31.88.57
92.53.65.40,172.31.88.57
118.190.57.79,172.31.88.57
118.190.57.79,172.31.88.57
221.13.233.100,172.31.88.57
185.143.223.94,172.31.88.57
94.102.49.65,172.31.88.57
193.56.28.158,172.31.88.57
89.248.172.85,172.31.88.57
45.136.109.102,172.31.88.57
64.31.35.218,172.31.88.57
80.82.77.245,172.31.88.57
185.176.27.98,172.31.88.57
185.176.27.98,172.31.88.57
92.53.90.132,172.31.88.57
201.159.36.223,172.31.88.57
45.136.110.16,172.31.88.57
45.136.110.16,172.31.88.57
41.38.191.251,172.31.88.57
104.131.89.163,172.31.88.57
185.143.223.146,172.31.88.57
179.191.67.142,172.31.88.57
179.191.67.142,172.31.88.57
167.99.166.49,172.31.88.57
45.136.109.102,172.31.88.57
45.136.109.102,172.31.88.57
223.71.167.155,172.31.88.57
223.71.167.155,172.31.88.57
167.172.216.119,172.31.88.57
223.71.167.155,172.31.88.57
89.248.172.85,172.31.88.57
167.99.166.217,172.31.88.57
46.209.127.130,172.31.88.57
46.209.127.130,172.31.88.57
68.183.86.76,172.31.88.57
167.99.161.116,172.31.88.57
45.82.153.35,172.31.88.57
45.82.153.35,172.31.88.57
45.136.109.102,172.31.88.57
45.141.86.131,172.31.88.57
167.99.170.172,172.31.88.57
167.99.170.122,172.31.88.57
80.82.78.100,172.31.88.57
112.133.232.70,172.31.88.57
112.133.232.70,172.31.88.57
77.247.108.77,172.31.88.57
77.247.108.77,172.31.88.57
124.156.55.156,172.31.88.57
65.49.20.104,172.31.88.57
113.176.7.212,172.31.88.57
159.203.201.245,172.31.88.57
159.203.201.245,172.31.88.57
167.99.162.116,172.31.88.57
138.197.73.187,172.31.88.57
190.15.134.92,172.31.88.57
106.51.96.221,172.31.88.57
106.51.96.221,172.31.88.57
80.82.64.146,172.31.88.57
80.82.64.146,172.31.88.57
185.175.93.78,172.31.88.57
185.175.93.78,172.31.88.57
83.97.20.46,172.31.88.57
36.155.102.52,172.31.88.57
36.155.102.52,172.31.88.57
89.248.172.85,172.31.88.57
51.83.69.99,172.31.88.57
37.49.230.63,172.31.88.57
185.143.223.147,172.31.88.57
167.99.162.116,172.31.88.57
198.108.67.53,172.31.88.57
198.108.67.53,172.31.88.57
120.5.158.115,172.31.88.57
120.5.158.115,172.31.88.57
193.32.161.71,172.31.88.57
193.32.161.71,172.31.88.57
209.17.96.210,172.31.88.57
172.105.89.161,172.31.88.57
113.161.92.229,172.31.88.57
83.97.20.103,172.31.88.57
167.99.166.217,172.31.88.57
83.97.20.103,172.31.88.57
196.53.224.186,172.31.88.57
45.134.179.241,172.31.88.57
45.93.20.133,172.31.88.57
45.136.109.102,172.31.88.57
111.62.24.22,172.31.88.57
51.91.90.178,172.31.88.57
51.91.90.178,172.31.88.57
167.172.216.119,172.31.88.57
209.17.96.218,172.31.88.57
209.17.96.218,172.31.88.57
167.99.170.122,172.31.88.57
165.22.27.195,172.31.88.57
122.155.11.55,172.31.88.57
45.136.109.102,172.31.88.57
209.17.96.186,172.31.88.57
209.17.96.186,172.31.88.57
202.133.60.237,172.31.88.57
202.133.60.237,172.31.88.57
202.133.60.237,172.31.88.57
209.141.43.166,172.31.88.57
114.233.196.23,172.31.88.57
45.134.179.240,172.31.88.57
209.17.97.2,172.31.88.57
167.99.170.76,172.31.88.57
74.82.47.13,172.31.88.57
112.192.118.90,172.31.88.57
91.225.160.29,172.31.88.57
91.225.160.29,172.31.88.57
209.17.96.50,172.31.88.57
60.249.190.250,172.31.88.57
61.223.140.165,172.31.88.57
209.17.96.226,172.31.88.57
209.17.96.226,172.31.88.57
185.175.93.78,172.31.88.57
167.99.166.49,172.31.88.57
167.99.162.99,172.31.88.57
167.99.162.116,172.31.88.57
167.99.162.116,172.31.88.57
71.6.199.23,172.31.88.57
71.6.199.23,172.31.88.57
71.6.199.23,172.31.88.57
167.99.161.116,172.31.88.57
167.99.170.172,172.31.88.57
61.94.42.134,172.31.88.57
61.94.42.134,172.31.88.57
61.94.42.134,172.31.88.57
94.102.49.65,172.31.88.57
94.102.49.65,172.31.88.57
172.105.239.183,172.31.88.57
157.119.216.225,172.31.88.57
157.119.216.225,172.31.88.57
157.119.216.225,172.31.88.57
187.174.159.82,172.31.88.57
187.174.159.82,172.31.88.57
45.136.109.102,172.31.88.57
159.203.197.23,172.31.88.57
45.136.109.87,172.31.88.57
45.136.109.102,172.31.88.57
167.99.166.217,172.31.88.57
167.172.216.119,172.31.88.57
61.219.11.153,172.31.88.57
89.248.174.215,172.31.88.57
89.248.174.215,172.31.88.57
185.175.93.78,172.31.88.57
185.176.27.2,172.31.88.57
221.181.24.246,172.31.88.57
221.181.24.246,
221.181.24.246,172.31.88.57
185.216.140.252,172.31.88.57
185.175.93.101,172.31.88.57
221.181.24.246,172.31.88.57
221.181.24.246,172.31.88.57
107.189.10.141,172.31.88.57
200.7.118.161,172.31.88.57
45.136.109.102,172.31.88.57
92.53.65.40,172.31.88.57
159.203.81.129,172.31.88.57
221.181.24.246,172.31.88.57
221.181.24.246,172.31.88.57
221.181.24.246,172.31.88.57
221.181.24.246,172.31.88.57
221.181.24.246,
45.136.109.102,172.31.88.57
167.99.170.122,172.31.88.57
167.99.170.122,172.31.88.57
93.174.95.106,172.31.88.57
78.128.112.114,172.31.88.57
167.172.216.119,172.31.88.57
43.250.184.235,172.31.88.57
43.250.184.235,172.31.88.57
43.250.184.235,172.31.88.57
113.190.214.174,172.31.88.57
113.190.214.174,172.31.88.57
221.181.24.246,
120.31.136.83,172.31.88.57
221.181.24.246,172.31.88.57
221.181.24.246,172.31.88.57
221.181.24.246,172.31.88.57
165.22.27.195,172.31.88.57
110.138.149.165,172.31.88.57
45.136.109.102,172.31.88.57
221.181.24.246,
208.100.26.228,172.31.88.57
221.181.24.246,172.31.88.57
221.181.24.246,172.31.88.57
221.181.24.246,172.31.88.57
167.99.162.116,172.31.88.57
218.247.142.217,172.31.88.57
167.99.166.217,172.31.88.57
218.247.142.217,172.31.88.57
221.181.24.246,
167.99.170.172,172.31.88.57
115.208.77.131,172.31.88.57
115.208.77.131,172.31.88.57
115.208.77.131,172.31.88.57
92.63.194.30,172.31.88.57
92.63.194.30,172.31.88.57
159.203.81.129,172.31.88.57
80.82.70.239,172.31.88.57
80.82.70.239,172.31.88.57
92.53.90.132,172.31.88.57
122.224.6.214,172.31.88.57
209.17.97.66,172.31.88.57
45.136.109.102,172.31.88.57
185.143.223.147,172.31.88.57
172.105.192.195,172.31.88.57
209.17.97.106,172.31.88.57
157.119.116.62,172.31.88.57
157.119.116.62,172.31.88.57
45.136.109.102,172.31.88.57
68.248.144.50,172.31.88.57
167.99.166.49,172.31.88.57
167.172.216.119,172.31.88.57
80.82.70.239,172.31.88.57
182.75.210.129,172.31.88.57
118.169.9.153,172.31.88.57
167.99.166.148,172.31.88.57
167.99.161.116,172.31.88.57
167.99.166.217,172.31.88.57
51.91.212.81,172.31.88.57
51.91.212.81,172.31.88.57
185.209.0.90,172.31.88.57
193.32.161.12,172.31.88.57
193.32.161.12,172.31.88.57
185.143.221.62,172.31.88.57
185.143.221.62,172.31.88.57
167.99.166.49,172.31.88.57
177.91.43.112,172.31.88.57
45.136.109.102,172.31.88.57
52.128.224.98,172.31.88.57
52.128.224.98,172.31.88.57
52.128.224.98,172.31.88.57
113.176.7.212,172.31.88.57
113.176.7.212,172.31.88.57
88.202.190.155,172.31.88.57
124.156.54.111,172.31.88.57
54.38.181.211,172.31.88.57
54.38.181.211,172.31.88.57
45.136.109.102,172.31.88.57
139.59.123.163,172.31.88.57
45.136.109.102,172.31.88.57
167.57.37.231,172.31.88.57
45.136.109.102,172.31.88.57
60.16.207.194,172.31.88.57
179.187.171.31,172.31.88.57
179.187.171.31,172.31.88.57
185.176.27.2,172.31.88.57
51.83.69.99,172.31.88.57
159.203.201.205,172.31.88.57
113.176.7.212,172.31.88.57
113.176.7.212,172.31.88.57
180.142.134.250,172.31.88.57
89.248.167.131,172.31.88.57
49.14.167.15,172.31.88.57
217.11.183.35,172.31.88.57
167.99.166.217,172.31.88.57
167.99.170.76,172.31.88.57
103.225.223.19,172.31.88.57
167.99.170.122,172.31.88.57
206.72.197.90,172.31.88.57
139.155.80.113,172.31.88.57
139.155.80.113,172.31.88.57
185.143.221.7,172.31.88.57
167.172.216.119,172.31.88.57
185.143.221.7,172.31.88.57
45.136.109.102,172.31.88.57
222.112.107.46,172.31.88.57
167.99.170.76,172.31.88.57
14.166.87.213,172.31.88.57
223.145.224.133,172.31.88.57
51.158.21.170,172.31.88.57
79.124.62.25,172.31.88.57
79.124.62.25,172.31.88.57
116.236.17.59,172.31.88.57
116.236.17.59,172.31.88.57
34.242.223.167,172.31.88.57
113.176.7.212,172.31.88.57
113.176.7.212,172.31.88.57
74.63.227.26,172.31.88.57
45.141.86.131,172.31.88.57
31.7.114.211,172.31.88.57
159.203.81.129,172.31.88.57
45.136.109.102,172.31.88.57
180.243.21.148,172.31.88.57
180.243.21.148,172.31.88.57
94.143.246.222,172.31.88.57
94.143.246.222,172.31.88.57
122.228.19.80,172.31.88.57
94.102.56.181,172.31.88.57
113.176.7.212,172.31.88.57
54.38.155.103,172.31.88.57
54.38.155.103,172.31.88.57
54.38.155.103,172.31.88.57
167.99.170.122,172.31.88.57
45.134.179.241,172.31.88.57
185.175.93.78,172.31.88.57
185.175.93.78,172.31.88.57
45.136.109.102,172.31.88.57
150.129.136.30,172.31.88.57
150.129.136.30,172.31.88.57
150.129.136.30,172.31.88.57
89.32.41.107,172.31.88.57
23.247.2.45,172.31.88.57
45.136.109.102,172.31.88.57
167.99.162.116,172.31.88.57
167.99.166.148,172.31.88.57
167.99.170.76,172.31.88.57
45.136.109.95,172.31.88.57
51.161.12.231,172.31.88.57
51.161.12.231,172.31.88.57
80.82.64.73,172.31.88.57
80.82.70.239,172.31.88.57
193.32.163.9,172.31.88.57
112.121.163.11,172.31.88.57
159.203.201.136,172.31.88.57
159.203.201.136,172.31.88.57
83.97.20.46,172.31.88.57
83.97.20.46,172.31.88.57
167.99.166.217,172.31.88.57
58.137.140.172,172.31.88.57
92.119.61.238,172.31.88.57
92.119.61.238,172.31.88.57
92.119.61.238,172.31.88.57
101.109.157.201,172.31.88.57
167.99.162.99,172.31.88.57
1.205.143.223,172.31.88.57
167.172.216.119,172.31.88.57
113.163.245.108,172.31.88.57
113.163.245.108,172.31.88.57
111.92.191.160,172.31.88.57
113.163.245.108,172.31.88.57
111.92.191.160,172.31.88.57
45.136.109.102,172.31.88.57
122.51.146.28,172.31.88.57
101.51.114.156,172.31.88.57
185.176.27.194,172.31.88.57
45.136.109.221,172.31.88.57
45.136.109.102,172.31.88.57
167.99.166.217,172.31.88.57
159.203.81.129,172.31.88.57
159.203.81.129,172.31.88.57
36.189.242.187,172.31.88.57
36.189.242.187,172.31.88.57
80.82.77.245,172.31.88.57
80.82.77.245,172.31.88.57
45.136.109.102,172.31.88.57
179.43.147.220,172.31.88.57
81.22.45.150,172.31.88.57
167.99.170.172,172.31.88.57
185.176.27.30,172.31.88.57
167.99.170.76,172.31.88.57
167.99.162.116,172.31.88.57
167.99.161.116,172.31.88.57
184.105.247.250,172.31.88.57
89.248.168.217,172.31.88.57
89.248.168.217,172.31.88.57
167.99.170.122,172.31.88.57
157.230.57.112,172.31.88.57
104.252.176.2,172.31.88.57
104.252.176.2,172.31.88.57
45.136.109.102,172.31.88.57
81.22.45.150,172.31.88.57
45.136.109.102,172.31.88.57
45.136.109.102,172.31.88.57
49.49.15.84,172.31.88.57
45.136.109.102,172.31.88.57
185.176.27.98,172.31.88.57
185.176.27.98,172.31.88.57
118.37.21.223,172.31.88.57
167.172.216.119,172.31.88.57
167.99.162.99,172.31.88.57
27.5.180.25,172.31.88.57
45.148.10.86,172.31.88.57
167.99.161.116,172.31.88.57
122.52.203.49,172.31.88.57
193.32.161.60,172.31.88.57
193.32.161.60,172.31.88.57
167.99.170.172,172.31.88.57
45.136.109.87,172.31.88.57
71.6.146.186,172.31.88.57
71.6.146.186,172.31.88.57
71.6.146.186,172.31.88.57
185.143.223.146,172.31.88.57
78.128.112.114,172.31.88.57
78.128.112.114,172.31.88.57
159.203.201.214,172.31.88.57
88.202.190.157,172.31.88.57
167.99.170.76,172.31.88.57
80.82.77.234,172.31.88.57
45.136.109.102,172.31.88.57
45.136.109.102,172.31.88.57
159.203.81.129,172.31.88.57
185.163.27.143,172.31.88.57
49.149.137.197,172.31.88.57
49.149.137.197,172.31.88.57
178.73.215.171,172.31.88.57
185.176.27.102,172.31.88.57
80.82.78.100,172.31.88.57
45.136.109.102,172.31.88.57
122.166.96.133,172.31.88.57
122.166.96.133,172.31.88.57
122.166.96.133,172.31.88.57
177.38.15.194,172.31.88.57
167.99.166.148,172.31.88.57
167.99.166.217,172.31.88.57
45.136.109.221,172.31.88.57
165.22.27.195,172.31.88.57
167.172.216.119,172.31.88.57
45.136.109.87,172.31.88.57
167.99.170.76,172.31.88.57
167.99.166.49,172.31.88.57
45.136.109.102,172.31.88.57
89.248.160.193,172.31.88.57
158.140.185.44,172.31.88.57
158.140.185.44,172.31.88.57
94.102.56.181,172.31.88.57
51.83.69.99,172.31.88.57
167.99.166.217,172.31.88.57
167.172.216.119,172.31.88.57
61.178.81.109,172.31.88.57
61.178.81.109,172.31.88.57
167.99.162.116,172.31.88.57
139.162.106.178,172.31.88.57
45.136.109.102,172.31.88.57
45.136.109.102,172.31.88.57
208.100.26.228,172.31.88.57
193.32.161.31,172.31.88.57
45.136.109.102,172.31.88.57
138.99.216.221,172.31.88.57
45.136.109.102,172.31.88.57
185.143.221.186,172.31.88.57
185.143.221.186,172.31.88.57
89.248.168.202,172.31.88.57
89.248.168.202,172.31.88.57
93.174.93.26,172.31.88.57
167.99.170.76,172.31.88.57
45.136.109.102,172.31.88.57
113.116.53.246,172.31.88.57
167.99.166.217,172.31.88.57
167.99.166.217,172.31.88.57
71.6.167.142,172.31.88.57
45.136.109.87,172.31.88.57
159.203.81.129,172.31.88.57
202.29.57.103,172.31.88.57
222.112.107.46,172.31.88.57
45.136.109.102,172.31.88.57
80.82.77.221,172.31.88.57
80.82.77.221,172.31.88.57
36.189.242.187,172.31.88.57
36.189.242.187,172.31.88.57
193.32.161.12,172.31.88.57
193.193.244.196,172.31.88.57
89.248.172.85,172.31.88.57
222.241.185.179,172.31.88.57
185.143.223.244,172.31.88.57
159.203.201.164,172.31.88.57
223.71.167.62,172.31.88.57
223.71.167.62,172.31.88.57
223.71.167.62,172.31.88.57
222.186.190.17,172.31.88.57
222.186.190.17,172.31.88.57
222.186.190.17,
185.175.93.107,172.31.88.57
185.175.93.107,172.31.88.57
80.82.77.231,172.31.88.57
80.82.77.231,172.31.88.57
93.171.242.88,172.31.88.57
93.171.242.88,172.31.88.57
93.171.242.88,172.31.88.57
93.171.242.88,172.31.88.57
103.144.15.94,172.31.88.57
103.144.15.94,172.31.88.57
103.144.15.94,172.31.88.57
167.99.170.76,172.31.88.57
190.37.208.133,172.31.88.57
190.37.208.133,172.31.88.57
45.136.109.102,172.31.88.57
80.82.77.221,172.31.88.57
45.93.20.147,172.31.88.57
45.93.20.147,172.31.88.57
49.145.204.145,172.31.88.57
49.145.204.145,172.31.88.57
119.155.242.198,172.31.88.57
119.155.242.198,172.31.88.57
119.155.242.198,172.31.88.57
167.99.166.49,172.31.88.57
167.172.216.119,172.31.88.57
45.136.109.102,172.31.88.57
177.85.3.215,172.31.88.57
194.180.224.100,172.31.88.57
194.180.224.100,172.31.88.57
77.247.108.77,172.31.88.57
77.247.108.77,172.31.88.57
94.102.56.181,172.31.88.57
94.102.56.181,172.31.88.57
45.136.109.102,172.31.88.57
193.32.161.71,172.31.88.57
45.136.109.102,172.31.88.57
80.82.77.221,172.31.88.57
146.185.25.172,172.31.88.57
159.203.81.129,172.31.88.57
80.82.65.74,172.31.88.57
80.82.65.74,172.31.88.57
80.82.77.231,172.31.88.57
167.99.166.148,172.31.88.57
202.116.205.102,172.31.88.57
118.163.86.162,172.31.88.57
5.183.230.131,172.31.88.57
167.172.216.119,172.31.88.57
80.82.77.221,172.31.88.57
77.247.108.119,172.31.88.57
77.247.108.119,172.31.88.57
167.99.170.122,172.31.88.57
185.176.27.2,172.31.88.57
80.82.77.221,172.31.88.57
185.209.0.92,172.31.88.57
80.82.77.231,172.31.88.57
45.136.109.102,172.31.88.57
167.99.161.116,172.31.88.57
167.99.170.76,172.31.88.57
185.143.223.148,172.31.88.57
185.143.223.148,172.31.88.57
185.176.27.54,172.31.88.57
185.176.27.54,172.31.88.57
43.245.222.163,172.31.88.57
43.245.222.163,172.31.88.57
110.139.120.21,172.31.88.57
80.82.77.231,172.31.88.57
80.82.77.231,172.31.88.57
220.246.33.66,172.31.88.57
220.246.33.66,172.31.88.57
220.246.33.66,172.31.88.57
80.82.77.221,172.31.88.57
77.42.81.219,172.31.88.57
80.82.77.221,172.31.88.57
167.99.162.116,172.31.88.57
80.82.77.231,172.31.88.57
80.82.77.132,172.31.88.57
80.82.77.132,172.31.88.57
125.64.94.211,172.31.88.57
198.108.66.233,172.31.88.57
198.108.66.233,172.31.88.57
60.168.129.96,172.31.88.57
60.168.129.96,172.31.88.57
80.82.77.221,172.31.88.57
167.99.161.116,172.31.88.57
159.203.81.129,172.31.88.57
167.99.170.76,172.31.88.57
216.218.206.110,172.31.88.57
80.82.77.231,172.31.88.57
80.82.77.132,172.31.88.57
163.172.82.142,172.31.88.57
5.235.200.149,172.31.88.57
185.53.88.78,172.31.88.57
185.53.88.78,172.31.88.57
45.136.109.102,172.31.88.57
91.11.139.64,172.31.88.57
91.11.139.64,172.31.88.57
43.226.158.59,172.31.88.57
43.226.158.59,172.31.88.57
80.82.77.221,172.31.88.57
80.82.77.221,172.31.88.57
80.82.77.231,172.31.88.57
45.136.109.102,172.31.88.57
80.82.77.132,172.31.88.57
80.82.77.234,172.31.88.57
58.59.176.111,172.31.88.57
45.136.109.102,172.31.88.57
45.136.109.102,172.31.88.57
198.108.67.59,172.31.88.57
178.173.206.125,172.31.88.57
167.99.166.217,172.31.88.57
167.99.170.172,172.31.88.57
159.203.81.129,172.31.88.57
185.137.233.133,172.31.88.57
80.82.77.132,172.31.88.57
45.136.109.102,172.31.88.57
89.248.162.172,172.31.88.57
80.82.77.231,172.31.88.57
45.136.109.95,172.31.88.57
45.136.109.95,172.31.88.57
80.82.77.132,172.31.88.57
89.248.162.172,172.31.88.57
45.136.109.102,172.31.88.57
167.172.216.119,172.31.88.57
78.128.112.114,172.31.88.57
45.136.109.102,172.31.88.57
219.73.114.121,172.31.88.57
80.82.77.132,172.31.88.57
80.82.77.234,172.31.88.57
185.143.221.62,172.31.88.57
89.248.162.172,172.31.88.57
185.143.221.62,172.31.88.57
43.225.20.98,172.31.88.57
43.225.20.98,172.31.88.57
159.203.81.129,172.31.88.57
185.216.140.252,172.31.88.57
80.82.77.132,172.31.88.57
89.248.162.172,172.31.88.57
45.136.109.102,172.31.88.57
103.23.138.25,172.31.88.57
80.82.77.231,172.31.88.57
182.72.93.147,172.31.88.57
80.82.77.132,172.31.88.57
41.42.81.125,172.31.88.57
41.42.81.125,172.31.88.57
167.172.216.119,172.31.88.57
113.251.48.249,172.31.88.57
193.32.161.60,172.31.88.57
167.99.162.99,172.31.88.57
80.82.77.132,172.31.88.57
167.99.166.217,172.31.88.57
167.99.162.116,172.31.88.57
89.248.162.172,172.31.88.57
185.176.27.14,172.31.88.57
196.37.221.131,172.31.88.57
196.37.221.131,172.31.88.57
196.37.221.131,172.31.88.57
45.136.109.102,172.31.88.57
117.211.60.18,172.31.88.57
117.211.60.18,172.31.88.57
117.211.60.18,172.31.88.57
58.225.75.147,172.31.88.57
58.225.75.147,172.31.88.57
89.248.174.215,172.31.88.57
80.82.77.132,172.31.88.57
89.248.162.172,172.31.88.57
167.99.166.148,172.31.88.57
167.99.166.148,172.31.88.57
182.176.132.99,172.31.88.57
182.176.132.99,172.31.88.57
182.176.132.99,172.31.88.57
185.143.223.146,172.31.88.57
115.42.204.254,172.31.88.57
139.162.75.99,172.31.88.57
212.237.112.90,172.31.88.57
212.237.112.90,172.31.88.57
212.237.112.90,172.31.88.57
45.136.109.102,172.31.88.57
83.97.20.46,172.31.88.57
45.136.109.102,172.31.88.57
51.161.12.231,172.31.88.57
138.197.73.187,172.31.88.57
51.161.12.231,172.31.88.57
167.99.170.172,172.31.88.57
167.99.170.172,172.31.88.57
185.175.93.101,172.31.88.57
185.175.93.101,172.31.88.57
77.120.64.21,172.31.88.57
77.120.64.21,172.31.88.57
124.163.45.45,172.31.88.57
167.172.216.119,172.31.88.57
45.141.86.131,172.31.88.57
195.98.79.54,172.31.88.57
195.98.79.54,172.31.88.57
80.82.65.60,172.31.88.57
167.99.166.217,172.31.88.57
167.99.170.122,172.31.88.57
167.99.170.122,172.31.88.57
211.103.34.217,172.31.88.57
211.103.34.217,172.31.88.57
92.53.65.52,172.31.88.57
92.53.65.52,172.31.88.57
92.53.90.132,172.31.88.57
92.53.90.132,172.31.88.57
80.82.77.245,172.31.88.57
167.99.170.76,172.31.88.57
159.203.201.148,172.31.88.57
167.99.166.49,172.31.88.57
45.136.109.102,172.31.88.57
45.136.109.102,172.31.88.57
167.99.161.116,172.31.88.57
185.143.221.55,172.31.88.57
185.143.221.55,172.31.88.57
138.121.56.202,172.31.88.57
81.22.45.150,172.31.88.57
81.22.45.150,172.31.88.57
92.63.194.30,172.31.88.57
89.208.220.216,172.31.88.57
89.208.220.216,172.31.88.57
165.22.27.195,172.31.88.57
202.53.90.66,172.31.88.57
202.53.90.66,172.31.88.57
185.143.223.147,172.31.88.57
92.118.37.83,172.31.88.57
92.118.37.83,172.31.88.57
89.248.174.215,172.31.88.57
168.90.79.175,172.31.88.57
51.75.52.127,172.31.88.57
51.75.52.127,172.31.88.57
52.215.97.70,172.31.88.57
45.136.109.102,172.31.88.57
210.121.12.250,172.31.88.57
80.82.64.73,172.31.88.57
80.82.64.73,172.31.88.57
167.99.166.217,172.31.88.57
167.172.216.119,172.31.88.57
137.220.133.2,172.31.88.57
212.248.101.11,172.31.88.57
167.99.161.116,172.31.88.57
142.165.181.78,172.31.88.57
81.22.45.150,172.31.88.57
45.136.109.102,172.31.88.57
167.99.162.116,172.31.88.57
59.63.206.134,172.31.88.57
59.63.206.134,172.31.88.57
139.162.118.185,172.31.88.57
45.136.109.102,172.31.88.57
89.248.168.217,172.31.88.57
89.248.168.217,172.31.88.57
189.22.181.9,172.31.88.57
189.22.181.9,172.31.88.57
45.136.109.221,172.31.88.57
49.69.130.24,172.31.88.57
167.99.166.148,172.31.88.57
49.69.130.24,172.31.88.57
5.8.10.202,172.31.88.57
5.8.10.202,172.31.88.57
167.99.170.122,172.31.88.57
61.221.225.143,172.31.88.57
61.221.225.143,172.31.88.57
2.134.136.80,172.31.88.57
2.134.136.80,172.31.88.57
185.176.27.2,172.31.88.57
80.82.77.234,172.31.88.57
167.99.162.99,172.31.88.57
167.99.166.217,172.31.88.57
45.136.109.102,172.31.88.57
167.172.216.119,172.31.88.57
167.172.216.119,172.31.88.57
167.172.216.119,172.31.88.57
85.93.20.134,172.31.88.57
85.93.20.134,172.31.88.57
202.29.57.103,172.31.88.57
218.4.65.76,172.31.88.57
152.32.102.237,172.31.88.57
45.136.109.102,172.31.88.57
45.56.91.118,172.31.88.57
167.99.170.76,172.31.88.57
45.56.91.118,172.31.88.57
45.136.109.102,172.31.88.57
45.136.110.16,172.31.88.57
45.136.109.95,172.31.88.57
45.136.110.16,172.31.88.57
184.105.247.214,172.31.88.57
208.100.26.228,172.31.88.57
167.99.170.172,172.31.88.57
45.136.109.102,172.31.88.57
167.99.166.49,172.31.88.57
159.203.201.172,172.31.88.57
94.102.56.181,172.31.88.57
94.102.56.181,172.31.88.57
92.53.65.52,172.31.88.57
167.99.170.76,172.31.88.57
223.71.167.62,172.31.88.57
223.71.167.62,172.31.88.57
223.71.167.62,172.31.88.57
58.178.248.228,172.31.88.57
95.135.159.216,172.31.88.57
95.135.159.216,172.31.88.57
52.201.48.205,172.31.88.57
52.201.48.205,172.31.88.57
167.172.216.119,172.31.88.57
52.201.48.205,172.31.88.57
157.34.183.144,172.31.88.57
52.201.48.205,172.31.88.57
52.201.48.205,172.31.88.57
52.201.48.205,172.31.88.57
167.99.166.217,172.31.88.57
186.91.177.247,172.31.88.57
186.91.177.247,172.31.88.57
45.136.109.221,172.31.88.57
188.153.252.104,172.31.88.57
104.206.128.74,172.31.88.57
167.99.170.172,172.31.88.57
45.136.109.102,172.31.88.57
45.136.109.102,172.31.88.57
167.99.170.76,172.31.88.57
222.186.190.17,
167.99.166.217,172.31.88.57
222.186.190.17,
52.201.48.205,172.31.88.57
52.201.48.205,172.31.88.57
45.136.109.102,172.31.88.57
193.32.161.12,172.31.88.57
52.201.48.205,172.31.88.57
167.172.216.119,172.31.88.57
222.186.190.17,
52.201.48.205,172.31.88.57
138.99.216.221,172.31.88.57
185.176.27.166,172.31.88.57
167.99.170.172,172.31.88.57
167.99.166.49,172.31.88.57
167.172.216.119,172.31.88.57
192.99.10.122,172.31.88.57
89.248.160.193,172.31.88.57
45.136.109.102,172.31.88.57
168.0.49.28,172.31.88.57
168.0.49.28,172.31.88.57
52.201.48.205,172.31.88.57
52.201.48.205,172.31.88.57
173.11.219.249,172.31.88.57
185.143.221.186,172.31.88.57
45.136.109.102,172.31.88.57
128.62.20.43,172.31.88.57
128.62.20.43,172.31.88.57
128.62.20.43,172.31.88.57
128.62.20.43,172.31.88.57
173.239.232.93,172.31.88.57
173.239.232.93,172.31.88.57
173.239.232.93,172.31.88.57
120.29.75.66,172.31.88.57
173.239.232.93,172.31.88.57
173.239.232.93,172.31.88.57
173.239.232.93,172.31.88.57
167.99.166.217,172.31.88.57
223.71.167.62,172.31.88.57
223.71.167.62,172.31.88.57
173.239.232.93,172.31.88.57
5.183.230.131,172.31.88.57
173.239.232.93,172.31.88.57
223.71.167.61,172.31.88.57
45.136.109.102,172.31.88.57
173.239.232.93,172.31.88.57
173.239.232.93,172.31.88.57
173.239.232.93,172.31.88.57
46.119.244.193,172.31.88.57
46.119.244.193,172.31.88.57
173.239.232.93,172.31.88.57
173.239.232.93,172.31.88.57
173.239.232.93,172.31.88.57
45.174.162.214,172.31.88.57
45.174.162.214,172.31.88.57
45.136.109.102,172.31.88.57
165.255.70.169,172.31.88.57
173.239.232.93,172.31.88.57
170.130.187.46,172.31.88.57
170.130.187.46,172.31.88.57
5.35.213.20,172.31.88.57
195.181.92.206,172.31.88.57
198.108.67.36,172.31.88.57
222.112.107.46,172.31.88.57
185.209.0.92,172.31.88.57
167.99.166.217,172.31.88.57
167.99.166.217,172.31.88.57
45.136.109.102,172.31.88.57
52.201.48.205,172.31.88.57
52.201.48.205,172.31.88.57
104.206.128.54,172.31.88.57
104.206.128.54,172.31.88.57
52.201.48.205,172.31.88.57
128.62.20.43,172.31.88.57
128.62.20.43,172.31.88.57
128.62.20.43,172.31.88.57
128.62.20.43,172.31.88.57
52.201.48.205,172.31.88.57
167.99.166.49,172.31.88.57
45.136.109.102,172.31.88.57
167.172.216.119,172.31.88.57
92.118.37.88,172.31.88.57
193.32.161.60,172.31.88.57
128.62.20.43,172.31.88.57
128.62.20.43,172.31.88.57
45.136.109.102,172.31.88.57
52.201.48.205,172.31.88.57
52.201.48.205,172.31.88.57
45.136.109.102,172.31.88.57
179.182.204.86,172.31.88.57
179.182.204.86,172.31.88.57
167.99.161.116,172.31.88.57
167.99.161.116,172.31.88.57
159.203.201.44,172.31.88.57
78.128.112.114,172.31.88.57
202.95.13.149,172.31.88.57
189.203.240.2,172.31.88.57
167.99.170.172,172.31.88.57
49.0.113.2,172.31.88.57
49.0.113.2,172.31.88.57
128.62.20.43,172.31.88.57
128.62.20.43,172.31.88.57
128.62.20.43,172.31.88.57
52.201.48.205,172.31.88.57
52.201.48.205,172.31.88.57
52.201.48.205,172.31.88.57
92.118.37.86,172.31.88.57
92.118.37.83,172.31.88.57
167.99.170.122,172.31.88.57
52.201.48.205,172.31.88.57
52.201.48.205,172.31.88.57
52.201.48.205,172.31.88.57
167.99.170.76,172.31.88.57
45.136.109.95,172.31.88.57
52.201.48.205,172.31.88.57
52.201.48.205,172.31.88.57
104.140.188.18,172.31.88.57
52.201.48.205,172.31.88.57
52.201.48.205,172.31.88.57
52.201.48.205,172.31.88.57
80.82.65.74,172.31.88.57
46.59.23.123,172.31.88.57
103.196.127.210,172.31.88.57
45.136.109.102,172.31.88.57
83.219.195.122,172.31.88.57
185.176.27.30,172.31.88.57
185.209.0.92,172.31.88.57
93.174.95.106,172.31.88.57
159.203.201.218,172.31.88.57
45.136.109.87,172.31.88.57
185.176.27.18,172.31.88.57
92.119.160.67,172.31.88.57
185.143.223.147,172.31.88.57
92.53.65.40,172.31.88.57
203.188.246.58,172.31.88.57
92.53.90.132,172.31.88.57
119.39.96.42,172.31.88.57
92.118.37.86,172.31.88.57
193.32.161.12,172.31.88.57
36.155.102.52,172.31.88.57
51.161.12.231,172.31.88.57
52.73.169.169,172.31.88.57
198.108.67.106,172.31.88.57
89.248.174.215,172.31.88.57
89.248.174.215,172.31.88.57
66.240.205.34,172.31.88.57
185.176.27.166,172.31.88.57
61.91.164.14,172.31.88.57
45.141.86.131,172.31.88.57
176.107.131.181,172.31.88.57
154.211.11.161,172.31.88.57
94.102.49.65,172.31.88.57
71.6.199.23,172.31.88.57
185.176.27.26,172.31.88.57
222.187.198.118,172.31.88.57
201.87.233.60,172.31.88.57
80.82.77.234,172.31.88.57
80.82.77.234,172.31.88.57
45.93.20.140,172.31.88.57
185.176.27.14,172.31.88.57
223.71.167.61,172.31.88.57
159.203.201.168,172.31.88.57
222.87.37.54,172.31.88.57
45.82.153.35,172.31.88.57
80.82.78.100,172.31.88.57
192.252.176.2,172.31.88.57
193.32.161.71,172.31.88.57
218.89.222.16,172.31.88.57
61.153.237.123,172.31.88.57
83.97.20.46,172.31.88.57
80.82.77.86,172.31.88.57
185.143.221.186,172.31.88.57
47.240.58.204,172.31.88.57
82.78.210.165,172.31.88.57
159.203.201.8,172.31.88.57
67.198.169.54,172.31.88.57
205.251.150.154,
205.251.150.154,
113.128.193.36,172.31.88.57
113.128.193.36,172.31.88.57
81.22.45.15,172.31.88.57
45.136.109.102,172.31.88.57
80.82.77.245,172.31.88.57
185.143.223.94,172.31.88.57
185.53.88.98,172.31.88.57
185.53.88.98,172.31.88.57
185.176.27.18,172.31.88.57
111.38.249.179,172.31.88.57
121.69.48.163,172.31.88.57
193.32.161.60,172.31.88.57
185.175.93.107,172.31.88.57
81.22.45.150,172.31.88.57
71.6.135.131,172.31.88.57
159.203.201.56,172.31.88.57
185.176.27.194,172.31.88.57
81.22.45.133,172.31.88.57
80.82.70.239,172.31.88.57
185.176.27.102,172.31.88.57
223.71.167.62,172.31.88.57
36.155.102.52,172.31.88.57
81.22.45.29,172.31.88.57
92.246.76.194,172.31.88.57
183.2.202.42,172.31.88.57
185.176.27.98,172.31.88.57
185.173.35.41,172.31.88.57
92.118.160.17,172.31.88.57
104.244.72.98,
89.248.168.202,172.31.88.57
85.93.20.134,172.31.88.57
185.143.223.147,172.31.88.57
71.6.146.185,172.31.88.57
185.143.223.148,172.31.88.57
128.62.29.138,
205.251.150.154,
205.251.150.154,
36.90.157.27,172.31.88.57
45.82.153.35,172.31.88.57
92.118.37.86,172.31.88.57
92.118.37.83,172.31.88.57
185.176.27.246,172.31.88.57
193.32.161.12,172.31.88.57
80.82.64.73,172.31.88.57
45.136.109.87,172.31.88.57
45.136.109.95,172.31.88.57
94.102.56.181,172.31.88.57
103.21.149.92,172.31.88.57
